頁面ID,網址代號,允許索引,搜尋標題,搜尋摘要,頁面主標題,主要關鍵詞,次要關鍵詞,分享圖片,頁面介紹
home,,是,免費辯論教學與思辨教育活動工具｜辯語視界,辯語視界提供老師可直接使用的辯論教學、思辨教育、課堂討論與口語表達活動，透過抽卡快速產生題目與挑戰。,辯論教學與思辨教育活動工具,辯論教學工具,思辨教育活動|課堂討論工具|口語表達活動,../assets/ui/logo/debatevision-logo-source.png,給老師與教練使用的免費教學工具，從抽卡、比較、推理到正式辯論排位，快速建立能讓學生開口思考的課堂活動。
item-survival,item-survival,是,異境求生｜思辨遊戲與團隊討論活動｜辯語視界,抽出異境、道具與職業，讓學生提出生存方案、回應質疑並選出最適格團隊的思辨教育遊戲。,異境求生：思辨遊戲與團隊討論活動,思辨遊戲,國小思辨活動|團隊討論遊戲|生存情境題,../assets/backgrounds/modes/item-survival.webp,學生必須運用有限資源面對陌生環境，說明選擇、建立策略並接受同學挑戰，適合作為辯論課暖身與團隊決策活動。
reality-summon,reality-summon,是,現實召喚｜創意思考活動與問題解決教學｜辯語視界,抽出角色與現實任務，把超現實能力轉化成合法、可行且能被質疑的問題解決方案。,現實召喚：創意思考活動與問題解決教學,創意思考活動,問題解決教學|提案活動|思辨教育遊戲,../assets/backgrounds/modes/reality-summon.webp,把天馬行空的角色能力放回現實制度中，要求學生提出行動步驟、合作對象與成效證明，練習從創意走向可執行方案。
sales-command,sales-command,是,銷售密令｜說服力與口語表達活動｜辯語視界,使用商品、需求、故事與目標客群卡牌，練習需求洞察、即興推銷、說服表達與回應質疑。,銷售密令：說服力與口語表達活動,口語表達活動,說服力訓練|即興推銷|需求洞察,../assets/backgrounds/modes/sales-command.webp,學生要把平凡商品連結到客戶需求、特色故事或目標族群，提出令人願意相信與購買的銷售提案。
metaphor-compass,metaphor-compass,是,隱喻羅盤｜比喻教學活動與抽象思考｜辯語視界,從人生就像開始建立比喻，再用概念卡與關係卡練習抽象思考、重新定義與提出反例。,隱喻羅盤：比喻教學活動與抽象思考,比喻教學活動,抽象思考|語文表達練習|概念連結,../assets/backgrounds/modes/metaphor-compass.webp,透過隨機概念與關係，學生要找到能讓命題成立的角度，說明相似點並回應反例，練習把抽象想法說清楚。
importance-duel,importance-duel,是,誰更重要｜比較判準與批判思考活動｜辯語視界,從不同卡池抽出兩張卡牌，建立比較標準、正反互攻並檢驗標準改變後結論是否翻盤。,誰更重要：比較判準與批判思考活動,批判思考活動,比較判準|價值排序|課堂辯論遊戲,../assets/backgrounds/modes/importance-duel.webp,比較不是只說喜歡哪一個，而是先提出可檢驗的標準，再說明兩者的優勢與限制，適合練習價值判斷與論證。
where-am-i,where-am-i,是,推理解密｜邏輯思考與提問遊戲｜辯語視界,設定秘密詞條，讓學生只能透過有效提問累積線索、排除選項，練習邏輯推理與問題設計。,推理解密：邏輯思考與提問遊戲,提問遊戲,邏輯思考活動|課堂推理遊戲|有效提問,../assets/backgrounds/modes/where-am-i.webp,學生不能直接猜答案，必須設計能區分候選項目的問題，根據有限回答逐步縮小範圍並說明推理依據。
debate-board,debate-board,是,辯論黑板｜辯論座位表與課堂計時工具｜辯語視界,輸入辯題、設定正反方人數、姓名與結辯標記，快速建立一至五人制辯論座位表並搭配課堂計時器。,辯論黑板：辯論座位表與課堂計時工具,辯論座位表,辯論計時器|辯論教學工具|辯論賽制排位,../assets/backgrounds/modes/debate-board.webp,老師可以分別設定正反方一至五位辯士、隊伍名稱與結辯位置，也能隱藏姓名，快速投影正式辯論黑板。
card-dictionary,card-dictionary,是,卡片字典｜辯論題目產生器與思辨活動設計｜辯語視界,瀏覽並自由組合所有卡池，挑選人物、物品、概念、關係與情境，建立自己的辯論題目或思辨活動。,卡片字典：辯論題目產生器與思辨活動設計,辯論題目產生器,即興題目|思辨活動設計|課堂抽卡工具,../assets/backgrounds/modes/card-dictionary.webp,從完整卡片詞庫挑選本堂課需要的內容，跨卡池組合題目，讓老師或學生自行決定比較、說故事、推理或辯護規則。
